CIK,Ticker,Company,8K_Accession,8K_Filing_Date,8K_Reported_Event_Date,Disclosure_Lag_Days,8K_URL,8K_Item1.05_Text,10K_Accession,10K_Filing_Date,10K_URL,10K_Item1C_Text,10K_Item1A_Cyber_Text,Extraction_Status,Pre_Event_10K_Text,Cosine_Similarity,Textual_Gap
789019,MSFT,Microsoft Corporation,0001193125-24-011295,2024-01-19,2024-01-17,2,https://www.sec.gov/Archives/edgar/data/789019/000119312524011295/d708866d8k.htm,"Item 1.05. Material Cybersecurity Incidents
On January 12, 2024, Microsoft (the “Company” or “we”) detected that beginning in late November 2023, a nation-state associated threat actor had gained access to and exfiltrated information from a very small percentage of employee email accounts including members of our senior leadership team and employees in our cybersecurity, legal, and other functions, on the basis of preliminary analysis. We were able to remove the threat actor’s access to the email accounts on or about January 13, 2024. We are examining the information accessed to determine the impact of the incident. We also continue to investigate the extent of the incident. We have notified and are working with law enforcement. We are also notifying relevant regulatory authorities with respect to unauthorized access to personal information. As of the date of this filing, the incident has not had a material impact on the Company’s operations. The Company has not yet determined whether the incident is reasonably likely to materially impact the Company’s financial condition or results of operations.
This
Form 8-K contains
forward-looking statements, which are any predictions, projections or other statements about future events based on current expectations and assumptions that are subject to risks and uncertainties, which are described in our filings with the Securities and Exchange Commission. Forward-looking statements speak only as of the date they are made. Readers are cautioned not to put undue reliance on forward-looking statements, and the Company undertakes no duty to update any forward-looking statement to conform the statement to actual results or changes in the Company’s expectations.",0000950170-23-035122,2023-07-27,https://www.sec.gov/Archives/edgar/data/789019/000095017023035122/msft-20230630.htm,,"Some users may engage in fraudulent or abusive activities through our cloud-based services. These include unauthorized use of accounts through stolen credentials, use of stolen credit cards or other payment vehicles, failure to pay for services accessed, or other activities that violate our terms of service such as cryptocurrency mining or launching cyberattacks. If our efforts to detect such violations or our actions to control these types of fraud and abuse are not effective, we may experience adverse impacts to our revenue or incur reputational damage. If an arrangement fails to adequately anticipate changing circumstances and interests of a party, it may result in early termination or renegotiation of the arrangement. The success of these transactions and arrangements will depend in part on our ability to leverage them to enhance our existing products and services or develop compelling new ones, as well as acquired companies’ ability to meet our policies and processes in areas such as data governance, privacy, and cybersecurity. It may take longer than expected to realize the full benefits from these transactions and arrangements such as increased revenue or enhanced efficiencies, or the benefits may ultimately be smaller than we expected. We have in the past recorded, and may in the future be required to record, a significant charge in our consolidated financial statements during the period in which any impairment of our goodwill or amortizable intangible assets is determined, negatively affecting our results of operations. CYBERSECURITY, DATA PRIVACY, AND PLATFORM ABUSE RISKS Cyberattacks and security vulnerabilities could lead to reduced revenue, increased costs, liability claims, or harm to our reputation or competitive position. Security of our information technology Threats to IT security can take a variety of forms. Malicious actors may employ the IT supply chain to introduce malware through software updates or compromised supplier accounts or hardware. Cyberthreats are constantly evolving and becoming increasingly sophisticated and complex, increasing the difficulty of detecting and successfully defending against them. We may have no current capability to detect certain vulnerabilities or new attack methods, which may allow them to persist in the environment over long periods of time. We may have no current capability to detect certain vulnerabilities or new attack methods, which may allow them to persist in the environment over long periods of time. Cyberthreats can have cascading impacts that unfold with increasing speed across our internal networks and systems and those of our partners and customers. Cyberthreats can have cascading impacts that unfold with increasing speed across our internal networks and systems and those of our partners and customers. Breaches of our facilities, network, or data security could disrupt the security of our systems and business applications, impair our ability to provide services to our customers and protect the privacy of their data, result in product development delays, compromise confidential or technical business information harming our reputation or competitive position, result in theft or misuse of our intellectual property or other assets, subject us to ransomware attacks, require us to allocate more resources to improve technologies or remediate the impacts of attacks, or otherwise adversely affect our business. Breaches of our facilities, network, or data security could disrupt the security of our systems and business applications, impair our ability to provide services to our customers and protect the privacy of their data, result in product development delays, compromise confidential or technical business information harming our reputation or competitive position, result in theft or misuse of our intellectual property or other assets, subject us to ransomware attacks, require us to allocate more resources to improve technologies or remediate the impacts of attacks, or otherwise adversely affect our business. Breaches of our facilities, network, or data security could disrupt the security of our systems and business applications, impair our ability to provide services to our customers and protect the privacy of their data, result in product development delays, compromise confidential or technical business information harming our reputation or competitive position, result in theft or misuse of our intellectual property or other assets, subject us to ransomware attacks, require us to allocate more resources to improve technologies or remediate the impacts of attacks, or otherwise adversely affect our business. We are also subject to supply chain cyberattacks where malware can be introduced to a software provider’s customers, including us, through software updates. We are also subject to supply chain cyberattacks where malware can be introduced to a software provider’s customers, including us, through software updates. In addition, our internal IT environment continues to evolve. Increasing use of generative AI models in our internal systems may create new attack methods for adversaries. Our business policies and internal security controls may not keep pace with these changes as new threats emerge, or emerging cybersecurity regulations in jurisdictions worldwide. 26 PART I Item 1A Security of our products, services, devices, and customers’ data The security of our products and services is important in our customers’ decisions to purchase or use our products or services across cloud and on-premises environments. Security threats are a significant challenge to companies like us whose business is providing technology products and services to others. Adversaries that acquire user account information can use that information to compromise our users’ accounts, including where accounts share the same attributes such as passwords. Inadequate account security practices may also result in unauthorized access, and user activity may result in ransomware or other malicious software impacting a customer’s use of our products or services. We are increasingly incorporating open source software into our products. We are increasingly incorporating open source software into our products. There may be vulnerabilities in open source software that may make our products susceptible to cyberattacks. Additionally, we are actively adding new generative AI features to our services. Failure to utilize the most current security advances and standards can increase our customers’ vulnerability to attack. Further, customers of widely varied size and technical sophistication use our technology, and consequently may still have limited capabilities and resources to help them adopt and implement state of the art cybersecurity practices and technologies. In addition, we must account for this wide variation of technical sophistication when defining default settings for our products and services, including security default settings, as these settings may limit or otherwise impact other aspects of IT operations and some customers may have limited capability to review and reset these defaults. In addition, we must account for this wide variation of technical sophistication when defining default settings for our products and services, including security default settings, as these settings may limit or otherwise impact other aspects of IT operations and some customers may have limited capability to review and reset these defaults. Cyberattacks may adversely impact our customers even if our production services are not directly compromised. We are committed to notifying our customers whose systems have been impacted as we become aware and have actionable information for customers to help protect themselves. As we continue to grow the number, breadth, and scale of our cloud-based offerings, we store and process increasingly large amounts of personal data of our customers and users. The continued occurrence of high-profile data breaches provides evidence of an external environment increasingly hostile to information security. Despite our efforts to improve the security controls across our business groups and geographies, it is possible our security controls over personal data, our training of employees and third parties on data security, and other practices we follow may not prevent the improper disclosure or misuse of customer or user data we or our vendors store and manage. New environmental, social, and governance laws and regulations are expanding mandatory disclosure, reporting, and diligence requirements. Legislative or regulatory action relating to cybersecurity requirements may increase the costs to develop, implement, or secure our products and services. Compliance with evolving digital accessibility laws and standards will require engineering and is important to our efforts to empower all people and organizations to achieve more. Catastrophic events or geopolitical conditions may disrupt our business. A disruption or failure of our systems or operations because of a major earthquake, weather event, cyberattack, terrorist attack, pandemic, or other catastrophic event could cause delays in completing sales, providing services, or performing other critical functions. Our corporate headquarters, a significant portion of our research and development activities, and certain other essential business operations are in the Seattle, Washington area, and we have other business operations in the Silicon Valley area of California, both of which are seismically active regions.",item_1c_not_found,"Some users may engage in fraudulent or abusive activities through our cloud-based services. These include unauthorized use of accounts through stolen credentials, use of stolen credit cards or other payment vehicles, failure to pay for services accessed, or other activities that violate our terms of service such as cryptocurrency mining or launching cyberattacks. If our efforts to detect such violations or our actions to control these types of fraud and abuse are not effective, we may experience adverse impacts to our revenue or incur reputational damage. If an arrangement fails to adequately anticipate changing circumstances and interests of a party, it may result in early termination or renegotiation of the arrangement. The success of these transactions and arrangements will depend in part on our ability to leverage them to enhance our existing products and services or develop compelling new ones, as well as acquired companies’ ability to meet our policies and processes in areas such as data governance, privacy, and cybersecurity. It may take longer than expected to realize the full benefits from these transactions and arrangements such as increased revenue or enhanced efficiencies, or the benefits may ultimately be smaller than we expected. We have in the past recorded, and may in the future be required to record, a significant charge in our consolidated financial statements during the period in which any impairment of our goodwill or amortizable intangible assets is determined, negatively affecting our results of operations. CYBERSECURITY, DATA PRIVACY, AND PLATFORM ABUSE RISKS Cyberattacks and security vulnerabilities could lead to reduced revenue, increased costs, liability claims, or harm to our reputation or competitive position. Security of our information technology Threats to IT security can take a variety of forms. Malicious actors may employ the IT supply chain to introduce malware through software updates or compromised supplier accounts or hardware. Cyberthreats are constantly evolving and becoming increasingly sophisticated and complex, increasing the difficulty of detecting and successfully defending against them. We may have no current capability to detect certain vulnerabilities or new attack methods, which may allow them to persist in the environment over long periods of time. We may have no current capability to detect certain vulnerabilities or new attack methods, which may allow them to persist in the environment over long periods of time. Cyberthreats can have cascading impacts that unfold with increasing speed across our internal networks and systems and those of our partners and customers. Cyberthreats can have cascading impacts that unfold with increasing speed across our internal networks and systems and those of our partners and customers. Breaches of our facilities, network, or data security could disrupt the security of our systems and business applications, impair our ability to provide services to our customers and protect the privacy of their data, result in product development delays, compromise confidential or technical business information harming our reputation or competitive position, result in theft or misuse of our intellectual property or other assets, subject us to ransomware attacks, require us to allocate more resources to improve technologies or remediate the impacts of attacks, or otherwise adversely affect our business. Breaches of our facilities, network, or data security could disrupt the security of our systems and business applications, impair our ability to provide services to our customers and protect the privacy of their data, result in product development delays, compromise confidential or technical business information harming our reputation or competitive position, result in theft or misuse of our intellectual property or other assets, subject us to ransomware attacks, require us to allocate more resources to improve technologies or remediate the impacts of attacks, or otherwise adversely affect our business. Breaches of our facilities, network, or data security could disrupt the security of our systems and business applications, impair our ability to provide services to our customers and protect the privacy of their data, result in product development delays, compromise confidential or technical business information harming our reputation or competitive position, result in theft or misuse of our intellectual property or other assets, subject us to ransomware attacks, require us to allocate more resources to improve technologies or remediate the impacts of attacks, or otherwise adversely affect our business. We are also subject to supply chain cyberattacks where malware can be introduced to a software provider’s customers, including us, through software updates. We are also subject to supply chain cyberattacks where malware can be introduced to a software provider’s customers, including us, through software updates. In addition, our internal IT environment continues to evolve. Increasing use of generative AI models in our internal systems may create new attack methods for adversaries. Our business policies and internal security controls may not keep pace with these changes as new threats emerge, or emerging cybersecurity regulations in jurisdictions worldwide. 26 PART I Item 1A Security of our products, services, devices, and customers’ data The security of our products and services is important in our customers’ decisions to purchase or use our products or services across cloud and on-premises environments. Security threats are a significant challenge to companies like us whose business is providing technology products and services to others. Adversaries that acquire user account information can use that information to compromise our users’ accounts, including where accounts share the same attributes such as passwords. Inadequate account security practices may also result in unauthorized access, and user activity may result in ransomware or other malicious software impacting a customer’s use of our products or services. We are increasingly incorporating open source software into our products. We are increasingly incorporating open source software into our products. There may be vulnerabilities in open source software that may make our products susceptible to cyberattacks. Additionally, we are actively adding new generative AI features to our services. Failure to utilize the most current security advances and standards can increase our customers’ vulnerability to attack. Further, customers of widely varied size and technical sophistication use our technology, and consequently may still have limited capabilities and resources to help them adopt and implement state of the art cybersecurity practices and technologies. In addition, we must account for this wide variation of technical sophistication when defining default settings for our products and services, including security default settings, as these settings may limit or otherwise impact other aspects of IT operations and some customers may have limited capability to review and reset these defaults. In addition, we must account for this wide variation of technical sophistication when defining default settings for our products and services, including security default settings, as these settings may limit or otherwise impact other aspects of IT operations and some customers may have limited capability to review and reset these defaults. Cyberattacks may adversely impact our customers even if our production services are not directly compromised. We are committed to notifying our customers whose systems have been impacted as we become aware and have actionable information for customers to help protect themselves. As we continue to grow the number, breadth, and scale of our cloud-based offerings, we store and process increasingly large amounts of personal data of our customers and users. The continued occurrence of high-profile data breaches provides evidence of an external environment increasingly hostile to information security. Despite our efforts to improve the security controls across our business groups and geographies, it is possible our security controls over personal data, our training of employees and third parties on data security, and other practices we follow may not prevent the improper disclosure or misuse of customer or user data we or our vendors store and manage. New environmental, social, and governance laws and regulations are expanding mandatory disclosure, reporting, and diligence requirements. Legislative or regulatory action relating to cybersecurity requirements may increase the costs to develop, implement, or secure our products and services. Compliance with evolving digital accessibility laws and standards will require engineering and is important to our efforts to empower all people and organizations to achieve more. Catastrophic events or geopolitical conditions may disrupt our business. A disruption or failure of our systems or operations because of a major earthquake, weather event, cyberattack, terrorist attack, pandemic, or other catastrophic event could cause delays in completing sales, providing services, or performing other critical functions. Our corporate headquarters, a significant portion of our research and development activities, and certain other essential business operations are in the Seattle, Washington area, and we have other business operations in the Silicon Valley area of California, both of which are seismically active regions.",0.061342,0.938658
789019,MSFT,Microsoft Corporation,0001193125-24-062997,2024-03-08,2024-01-17,51,https://www.sec.gov/Archives/edgar/data/789019/000119312524062997/d808756d8ka.htm,"Item 1.05.
Material Cybersecurity Incidents
As disclosed in the Original Filing, the Company detected that beginning in late November 2023, a nation-state threat actor had gained access to and exfiltrated information from a very small percentage of employee email accounts including members of our senior leadership team and employees in our cybersecurity, legal, and other functions. Since the date of the Original Filing, the Company has determined that the threat actor used and continues to use information it obtained to gain, or attempt to gain, unauthorized access to some of the Company’s source code repositories and internal systems. The threat actor’s ongoing attack is characterized by a sustained, significant commitment of the threat actor’s resources, coordination, and focus. Our active investigations of the threat actor’s activities are ongoing, findings of our investigations will continue to evolve, and further unauthorized access may occur.
We have increased our security investments, cross-enterprise coordination and mobilization, and have enhanced our ability to defend ourselves and secure and harden our environment against this advanced persistent threat. We continue to coordinate with federal law enforcement with respect to its ongoing investigation of the threat actor and the incident.
As of the date of this filing, the incident has not had a material impact on the Company’s operations. The Company has not yet determined that the incident is reasonably likely to materially impact the Company’s financial condition or results of operations.
This Form
8-K
contains forward-looking statements, which are any predictions, projections or other statements about future events based on current expectations and assumptions that are subject to risks and uncertainties, which are described in our filings with the SEC. Forward-looking statements speak only as of the date they are made. Readers are cautioned not to put undue reliance on forward-looking statements, and the Company undertakes no duty to update any forward-looking statement to conform the statement to actual results or changes in the Company’s expectations.",0000950170-23-035122,2023-07-27,https://www.sec.gov/Archives/edgar/data/789019/000095017023035122/msft-20230630.htm,,"Some users may engage in fraudulent or abusive activities through our cloud-based services. These include unauthorized use of accounts through stolen credentials, use of stolen credit cards or other payment vehicles, failure to pay for services accessed, or other activities that violate our terms of service such as cryptocurrency mining or launching cyberattacks. If our efforts to detect such violations or our actions to control these types of fraud and abuse are not effective, we may experience adverse impacts to our revenue or incur reputational damage. If an arrangement fails to adequately anticipate changing circumstances and interests of a party, it may result in early termination or renegotiation of the arrangement. The success of these transactions and arrangements will depend in part on our ability to leverage them to enhance our existing products and services or develop compelling new ones, as well as acquired companies’ ability to meet our policies and processes in areas such as data governance, privacy, and cybersecurity. It may take longer than expected to realize the full benefits from these transactions and arrangements such as increased revenue or enhanced efficiencies, or the benefits may ultimately be smaller than we expected. We have in the past recorded, and may in the future be required to record, a significant charge in our consolidated financial statements during the period in which any impairment of our goodwill or amortizable intangible assets is determined, negatively affecting our results of operations. CYBERSECURITY, DATA PRIVACY, AND PLATFORM ABUSE RISKS Cyberattacks and security vulnerabilities could lead to reduced revenue, increased costs, liability claims, or harm to our reputation or competitive position. Security of our information technology Threats to IT security can take a variety of forms. Malicious actors may employ the IT supply chain to introduce malware through software updates or compromised supplier accounts or hardware. Cyberthreats are constantly evolving and becoming increasingly sophisticated and complex, increasing the difficulty of detecting and successfully defending against them. We may have no current capability to detect certain vulnerabilities or new attack methods, which may allow them to persist in the environment over long periods of time. We may have no current capability to detect certain vulnerabilities or new attack methods, which may allow them to persist in the environment over long periods of time. Cyberthreats can have cascading impacts that unfold with increasing speed across our internal networks and systems and those of our partners and customers. Cyberthreats can have cascading impacts that unfold with increasing speed across our internal networks and systems and those of our partners and customers. Breaches of our facilities, network, or data security could disrupt the security of our systems and business applications, impair our ability to provide services to our customers and protect the privacy of their data, result in product development delays, compromise confidential or technical business information harming our reputation or competitive position, result in theft or misuse of our intellectual property or other assets, subject us to ransomware attacks, require us to allocate more resources to improve technologies or remediate the impacts of attacks, or otherwise adversely affect our business. Breaches of our facilities, network, or data security could disrupt the security of our systems and business applications, impair our ability to provide services to our customers and protect the privacy of their data, result in product development delays, compromise confidential or technical business information harming our reputation or competitive position, result in theft or misuse of our intellectual property or other assets, subject us to ransomware attacks, require us to allocate more resources to improve technologies or remediate the impacts of attacks, or otherwise adversely affect our business. Breaches of our facilities, network, or data security could disrupt the security of our systems and business applications, impair our ability to provide services to our customers and protect the privacy of their data, result in product development delays, compromise confidential or technical business information harming our reputation or competitive position, result in theft or misuse of our intellectual property or other assets, subject us to ransomware attacks, require us to allocate more resources to improve technologies or remediate the impacts of attacks, or otherwise adversely affect our business. We are also subject to supply chain cyberattacks where malware can be introduced to a software provider’s customers, including us, through software updates. We are also subject to supply chain cyberattacks where malware can be introduced to a software provider’s customers, including us, through software updates. In addition, our internal IT environment continues to evolve. Increasing use of generative AI models in our internal systems may create new attack methods for adversaries. Our business policies and internal security controls may not keep pace with these changes as new threats emerge, or emerging cybersecurity regulations in jurisdictions worldwide. 26 PART I Item 1A Security of our products, services, devices, and customers’ data The security of our products and services is important in our customers’ decisions to purchase or use our products or services across cloud and on-premises environments. Security threats are a significant challenge to companies like us whose business is providing technology products and services to others. Adversaries that acquire user account information can use that information to compromise our users’ accounts, including where accounts share the same attributes such as passwords. Inadequate account security practices may also result in unauthorized access, and user activity may result in ransomware or other malicious software impacting a customer’s use of our products or services. We are increasingly incorporating open source software into our products. We are increasingly incorporating open source software into our products. There may be vulnerabilities in open source software that may make our products susceptible to cyberattacks. Additionally, we are actively adding new generative AI features to our services. Failure to utilize the most current security advances and standards can increase our customers’ vulnerability to attack. Further, customers of widely varied size and technical sophistication use our technology, and consequently may still have limited capabilities and resources to help them adopt and implement state of the art cybersecurity practices and technologies. In addition, we must account for this wide variation of technical sophistication when defining default settings for our products and services, including security default settings, as these settings may limit or otherwise impact other aspects of IT operations and some customers may have limited capability to review and reset these defaults. In addition, we must account for this wide variation of technical sophistication when defining default settings for our products and services, including security default settings, as these settings may limit or otherwise impact other aspects of IT operations and some customers may have limited capability to review and reset these defaults. Cyberattacks may adversely impact our customers even if our production services are not directly compromised. We are committed to notifying our customers whose systems have been impacted as we become aware and have actionable information for customers to help protect themselves. As we continue to grow the number, breadth, and scale of our cloud-based offerings, we store and process increasingly large amounts of personal data of our customers and users. The continued occurrence of high-profile data breaches provides evidence of an external environment increasingly hostile to information security. Despite our efforts to improve the security controls across our business groups and geographies, it is possible our security controls over personal data, our training of employees and third parties on data security, and other practices we follow may not prevent the improper disclosure or misuse of customer or user data we or our vendors store and manage. New environmental, social, and governance laws and regulations are expanding mandatory disclosure, reporting, and diligence requirements. Legislative or regulatory action relating to cybersecurity requirements may increase the costs to develop, implement, or secure our products and services. Compliance with evolving digital accessibility laws and standards will require engineering and is important to our efforts to empower all people and organizations to achieve more. Catastrophic events or geopolitical conditions may disrupt our business. A disruption or failure of our systems or operations because of a major earthquake, weather event, cyberattack, terrorist attack, pandemic, or other catastrophic event could cause delays in completing sales, providing services, or performing other critical functions. Our corporate headquarters, a significant portion of our research and development activities, and certain other essential business operations are in the Seattle, Washington area, and we have other business operations in the Silicon Valley area of California, both of which are seismically active regions.",item_1c_not_found,"Some users may engage in fraudulent or abusive activities through our cloud-based services. These include unauthorized use of accounts through stolen credentials, use of stolen credit cards or other payment vehicles, failure to pay for services accessed, or other activities that violate our terms of service such as cryptocurrency mining or launching cyberattacks. If our efforts to detect such violations or our actions to control these types of fraud and abuse are not effective, we may experience adverse impacts to our revenue or incur reputational damage. If an arrangement fails to adequately anticipate changing circumstances and interests of a party, it may result in early termination or renegotiation of the arrangement. The success of these transactions and arrangements will depend in part on our ability to leverage them to enhance our existing products and services or develop compelling new ones, as well as acquired companies’ ability to meet our policies and processes in areas such as data governance, privacy, and cybersecurity. It may take longer than expected to realize the full benefits from these transactions and arrangements such as increased revenue or enhanced efficiencies, or the benefits may ultimately be smaller than we expected. We have in the past recorded, and may in the future be required to record, a significant charge in our consolidated financial statements during the period in which any impairment of our goodwill or amortizable intangible assets is determined, negatively affecting our results of operations. CYBERSECURITY, DATA PRIVACY, AND PLATFORM ABUSE RISKS Cyberattacks and security vulnerabilities could lead to reduced revenue, increased costs, liability claims, or harm to our reputation or competitive position. Security of our information technology Threats to IT security can take a variety of forms. Malicious actors may employ the IT supply chain to introduce malware through software updates or compromised supplier accounts or hardware. Cyberthreats are constantly evolving and becoming increasingly sophisticated and complex, increasing the difficulty of detecting and successfully defending against them. We may have no current capability to detect certain vulnerabilities or new attack methods, which may allow them to persist in the environment over long periods of time. We may have no current capability to detect certain vulnerabilities or new attack methods, which may allow them to persist in the environment over long periods of time. Cyberthreats can have cascading impacts that unfold with increasing speed across our internal networks and systems and those of our partners and customers. Cyberthreats can have cascading impacts that unfold with increasing speed across our internal networks and systems and those of our partners and customers. Breaches of our facilities, network, or data security could disrupt the security of our systems and business applications, impair our ability to provide services to our customers and protect the privacy of their data, result in product development delays, compromise confidential or technical business information harming our reputation or competitive position, result in theft or misuse of our intellectual property or other assets, subject us to ransomware attacks, require us to allocate more resources to improve technologies or remediate the impacts of attacks, or otherwise adversely affect our business. Breaches of our facilities, network, or data security could disrupt the security of our systems and business applications, impair our ability to provide services to our customers and protect the privacy of their data, result in product development delays, compromise confidential or technical business information harming our reputation or competitive position, result in theft or misuse of our intellectual property or other assets, subject us to ransomware attacks, require us to allocate more resources to improve technologies or remediate the impacts of attacks, or otherwise adversely affect our business. Breaches of our facilities, network, or data security could disrupt the security of our systems and business applications, impair our ability to provide services to our customers and protect the privacy of their data, result in product development delays, compromise confidential or technical business information harming our reputation or competitive position, result in theft or misuse of our intellectual property or other assets, subject us to ransomware attacks, require us to allocate more resources to improve technologies or remediate the impacts of attacks, or otherwise adversely affect our business. We are also subject to supply chain cyberattacks where malware can be introduced to a software provider’s customers, including us, through software updates. We are also subject to supply chain cyberattacks where malware can be introduced to a software provider’s customers, including us, through software updates. In addition, our internal IT environment continues to evolve. Increasing use of generative AI models in our internal systems may create new attack methods for adversaries. Our business policies and internal security controls may not keep pace with these changes as new threats emerge, or emerging cybersecurity regulations in jurisdictions worldwide. 26 PART I Item 1A Security of our products, services, devices, and customers’ data The security of our products and services is important in our customers’ decisions to purchase or use our products or services across cloud and on-premises environments. Security threats are a significant challenge to companies like us whose business is providing technology products and services to others. Adversaries that acquire user account information can use that information to compromise our users’ accounts, including where accounts share the same attributes such as passwords. Inadequate account security practices may also result in unauthorized access, and user activity may result in ransomware or other malicious software impacting a customer’s use of our products or services. We are increasingly incorporating open source software into our products. We are increasingly incorporating open source software into our products. There may be vulnerabilities in open source software that may make our products susceptible to cyberattacks. Additionally, we are actively adding new generative AI features to our services. Failure to utilize the most current security advances and standards can increase our customers’ vulnerability to attack. Further, customers of widely varied size and technical sophistication use our technology, and consequently may still have limited capabilities and resources to help them adopt and implement state of the art cybersecurity practices and technologies. In addition, we must account for this wide variation of technical sophistication when defining default settings for our products and services, including security default settings, as these settings may limit or otherwise impact other aspects of IT operations and some customers may have limited capability to review and reset these defaults. In addition, we must account for this wide variation of technical sophistication when defining default settings for our products and services, including security default settings, as these settings may limit or otherwise impact other aspects of IT operations and some customers may have limited capability to review and reset these defaults. Cyberattacks may adversely impact our customers even if our production services are not directly compromised. We are committed to notifying our customers whose systems have been impacted as we become aware and have actionable information for customers to help protect themselves. As we continue to grow the number, breadth, and scale of our cloud-based offerings, we store and process increasingly large amounts of personal data of our customers and users. The continued occurrence of high-profile data breaches provides evidence of an external environment increasingly hostile to information security. Despite our efforts to improve the security controls across our business groups and geographies, it is possible our security controls over personal data, our training of employees and third parties on data security, and other practices we follow may not prevent the improper disclosure or misuse of customer or user data we or our vendors store and manage. New environmental, social, and governance laws and regulations are expanding mandatory disclosure, reporting, and diligence requirements. Legislative or regulatory action relating to cybersecurity requirements may increase the costs to develop, implement, or secure our products and services. Compliance with evolving digital accessibility laws and standards will require engineering and is important to our efforts to empower all people and organizations to achieve more. Catastrophic events or geopolitical conditions may disrupt our business. A disruption or failure of our systems or operations because of a major earthquake, weather event, cyberattack, terrorist attack, pandemic, or other catastrophic event could cause delays in completing sales, providing services, or performing other critical functions. Our corporate headquarters, a significant portion of our research and development activities, and certain other essential business operations are in the Seattle, Washington area, and we have other business operations in the Silicon Valley area of California, both of which are seismically active regions.",0.078628,0.921372
